year,Coef.,Std.Err.,z,P>|z|,[0.025,0.975],accuracy,precision,recall,f_score,specificity
2015,1.039303213,0.266968517,3.894681221,0.000147213,0.516054535,1.562551891,0.65,0.15625,0.25,0.192307692,0.73
2016,1.104475714,0.264775804,4.173699383,5.86E-05,0.585524675,1.623426753,0.63,0.15625,0.333333333,0.212765957,0.682352941
2017,1.076094111,0.252757339,4.260059188,4.42E-05,0.580698829,1.571489393,0.6125,0.107142857,0.333333333,0.162162162,0.647887324
2018,0.819219936,0.215655383,3.802802502,0.000349184,0.396543152,1.241896719,0.666666667,0.0625,0.166666667,0.090909091,0.722222222
2019,0.810512156,0.209285719,3.87622491,0.000295325,0.400319684,1.220704629,0.625,0.071428571,0.333333333,0.117647059,0.648648649
all_time,0.673471305,0.181218718,3.719845171,0.00044364,0.318289145,1.028653465,0.625,0.071428571,0.333333333,0.117647059,0.648648649
