year,Coef.,Std.Err.,z,P>|z|,[0.025,0.975],accuracy,balanced_accuracy,precision,recall
2015,1.043156094872109,0.30032219351364553,3.4752600219729954,0.0007071836811481673,0.45453541182729607,1.6317767779169248,0.16666666666666646,0.5,0.16666666666666646,1.0
2016,1.1140111577894596,0.29763777195882246,3.7447640149387182,0.00028073686245245295,0.5306518443114223,1.6973704712674975,0.15000000000000024,0.5,0.15000000000000024,1.0
2017,1.0867559938839755,0.2805531237932785,3.876259512264318,0.00018924438331642448,0.5368819754989413,1.6366300122690078,0.1125000000000001,0.5,0.1125000000000001,1.0
2018,0.7819985143496715,0.2324131167772932,3.3683800774497747,0.0014312509402696668,0.32647717593147535,1.2375198527678672,0.09999999999999981,0.5,0.09999999999999981,1.0
2019,0.7884755249872909,0.22402128735622523,3.5230955251934954,0.0008500238257336348,0.34940186999879136,1.2275491799757894,0.07500000000000012,0.5,0.07500000000000012,1.0
all_time,0.6211273144819842,0.19136486936364516,3.2490779220392683,0.0020673781639319612,0.24605906262302768,0.9961955663409406,0.30357142857142794,0.5,0.30357142857142794,1.0
